onset_s,offset_s,type
1820.000,1829.500,arousal
2190.000,2195.100,arousal
2270.800,2279.200,arousal
2394.100,2399.900,arousal
2494.600,2500.400,arousal
2594.800,2599.600,arousal
2677.600,2695.200,arousal
2724.700,2729.900,arousal
2875.400,2880.000,arousal
2967.000,2969.900,arousal
3083.100,3090.000,arousal
3145.700,3163.300,arousal
3187.700,3210.000,arousal
3375.400,3383.400,arousal
3410.500,3415.600,arousal
3438.500,3444.300,arousal
3590.700,3595.800,arousal
3621.300,3625.000,arousal
3727.600,3733.700,arousal
3775.900,3778.900,arousal
3805.400,3809.900,arousal
3983.300,3990.000,arousal
4055.300,4058.300,arousal
4132.700,4140.000,arousal
4222.800,4230.000,arousal
6678.700,6689.500,arousal
6728.000,6733.900,arousal
6767.600,6770.600,arousal
6836.600,6840.000,arousal
6851.700,6855.400,arousal
6922.800,6929.900,arousal
7043.200,7050.000,arousal
7260.000,7264.500,arousal
7449.200,7454.600,arousal
7477.500,7483.000,arousal
7500.700,7506.000,arousal
7578.000,7581.000,arousal
7617.700,7623.100,arousal
7685.600,7693.800,arousal
8148.200,8154.500,arousal
8167.900,8189.500,arousal
8362.000,8370.000,arousal
8435.500,8443.100,arousal
8510.700,8520.000,arousal
8614.100,8618.600,arousal
8693.500,8696.500,arousal
8718.100,8725.800,arousal
8787.500,8790.500,arousal
8816.400,8819.400,arousal
8860.500,8865.000,arousal
8898.700,8901.900,arousal
8958.900,8963.900,arousal
9048.300,9051.300,arousal
9180.600,9192.500,arousal
9235.000,9239.900,arousal
9338.800,9352.600,arousal
9414.500,9419.700,arousal
9468.500,9479.900,arousal
9525.700,9537.400,arousal
9600.100,9609.500,arousal
9683.800,9690.000,arousal
9735.100,9749.700,arousal
9797.800,9808.400,arousal
9876.200,9881.900,arousal
9982.700,9990.000,arousal
10040.100,10049.600,arousal
10110.000,10115.800,arousal
10193.000,10200.000,arousal
10251.700,10259.900,arousal
10283.000,10289.500,arousal
10313.200,10320.000,arousal
10401.600,10410.000,arousal
10466.800,10469.900,arousal
10520.200,10529.900,arousal
10580.500,10588.200,arousal
10642.700,10647.300,arousal
10706.100,10709.100,arousal
10759.600,10768.900,arousal
11094.100,11100.000,arousal
14302.700,14307.800,arousal
14373.700,14393.700,arousal
14600.800,14606.800,arousal
14620.300,14634.300,arousal
14940.600,14954.800,arousal
15127.900,15139.800,arousal
15220.400,15238.900,arousal
15319.300,15327.800,arousal
15977.600,15980.600,arousal
16017.800,16020.800,arousal
16278.000,16284.000,arousal
16583.400,16589.900,arousal
16633.900,16639.700,arousal
17577.700,17580.700,arousal
17857.300,17862.500,arousal
18470.800,18473.800,arousal
18540.000,18548.100,arousal
18787.400,18790.400,arousal
18843.800,18849.900,arousal
19094.400,19101.700,arousal
19203.400,19212.200,arousal
19383.400,19391.500,arousal
19415.200,19423.400,arousal
19517.600,19525.500,arousal
19762.400,19768.800,arousal
19842.900,19858.600,arousal
19972.000,19978.900,arousal
20122.600,20129.300,arousal
20790.600,20811.700,arousal
21090.400,21099.600,arousal
21490.100,21508.700,arousal
21610.400,21614.800,arousal
21690.000,21697.900,arousal
21735.200,21741.400,arousal
22149.000,22162.500,arousal
22894.800,22907.500,arousal
23165.300,23188.200,arousal
23480.400,23490.000,arousal
23602.900,23609.800,arousal
23814.500,23820.000,arousal
23854.800,23861.000,arousal
24188.900,24195.100,arousal
24256.400,24268.400,arousal
25060.900,25074.100,arousal
25590.200,25606.500,arousal
25955.800,25977.100,arousal
26186.200,26190.000,arousal
26235.800,26248.800,arousal
26288.300,26309.500,arousal
26340.200,26357.300,arousal
26395.600,26398.600,arousal
26438.800,26450.300,arousal
27033.100,27040.900,arousal
27125.300,27139.000,arousal
27536.100,27539.100,arousal
27717.300,27731.400,arousal
27912.800,27918.500,arousal
27977.900,27989.200,arousal
28630.300,28649.600,arousal
28712.800,28722.000,arousal
28792.200,28800.000,arousal
28990.000,28999.400,arousal
29027.100,29037.300,arousal
29077.500,29099.400,arousal
